numThreads,speedup
1,1.0
2,1.379612755976805
3,1.8686727235171599
4,2.5018099039900563
5,3.102474828579848
6,3.7147907925711623
7,4.303489679065843
8,4.844418363929777
