numThreads,speedup
1,1.0
2,1.3192548628908791
3,1.8014500128504398
4,2.4272828171046834
5,2.981186013327709
6,3.5800461504456393
7,4.1411913791522625
8,4.634337913590868
