numThreads,speedup
1,1.0
2,1.3807933009040412
3,1.7980827450289
4,2.272955113040126
5,2.771999631105916
6,3.203964039695595
7,3.7374832331828673
8,4.02062984541046
