numThreads,speedup
1,1.0
2,1.3239914222995557
3,1.7668510942033282
4,2.366790378632497
5,2.968120772415012
6,3.523592368306094
7,4.038036855284607
8,4.592667471616442
