numThreads,speedup
1,1.0
2,1.4021689630365752
3,1.8364584000079494
4,2.357833458047658
5,2.886217777926972
6,3.405923455905538
7,3.99244882412988
8,4.393782658951439
