numThreads,speedup
1,1.0
2,1.3805326370713649
3,1.7860800925445728
4,2.3086872509889846
5,2.7981210320504264
6,3.3061539016864567
7,3.7845090210875774
8,4.288666881973676
