numThreads,speedup
1,1.0
2,1.4103909411578457
3,1.9018801784071158
4,2.5489560238076963
5,3.1894911871057827
6,3.7810980931677145
7,4.41292859874936
8,4.952749735276994
