numThreads,speedup
1,1.0
2,1.429171053172312
3,1.907494931458062
4,2.473004828385636
5,3.014041303563859
6,3.531412803914646
7,4.095124947140888
8,4.720112088990152
