numThreads,speedup
1,1.0
2,1.3699433058340498
3,1.8931074344553969
4,2.51075858475735
5,3.144989201981188
6,3.716908564170634
7,4.306281264479425
8,4.846144669399227
