numThreads,speedup
1,1.0
2,1.4126957084337166
3,1.8929097855479409
4,2.4184180146654253
5,2.96572264939053
6,3.5043588791696814
7,3.972825610671476
8,4.5487998574445525
