numThreads,speedup
1,1.0
2,1.3064057240096925
3,1.7685347651163739
4,2.3504198701305574
5,2.963260849202456
6,3.505737139031101
7,3.9766440075095617
8,4.41265196910724
