numThreads,speedup
1,1.0
2,1.3810789365792537
3,1.8730086616061188
4,2.3578931630470246
5,2.8308933718305567
6,3.388765167627239
7,3.9044115564160013
8,4.447413760406429
