numThreads,speedup
1,1.0
2,1.3313673452182002
3,1.8169299573268405
4,2.4159695168105566
5,3.0415851804892244
6,3.6124774750131805
7,4.164861315399703
8,4.686717355100973
