numThreads,speedup
1,1.0
2,1.4353559917715546
3,1.9488998516075275
4,2.4964726645565944
5,3.006999658829623
6,3.577321667537398
7,4.1260733591561465
8,4.635811895750161
