numThreads,speedup
1,1.0
2,1.194877856056539
3,1.5120755858256225
4,2.030009214289238
5,2.490376447195763
6,2.9912107081304273
7,3.434003868728235
8,3.7990844969321986
