numThreads,speedup
1,1.0
2,1.1673965395369075
3,1.487479230244092
4,1.9522911345807799
5,2.4679614124240175
6,2.995147636069067
7,3.370055301870087
8,3.656073579606147
