numThreads,speedup
1,1.0
2,1.162007075480843
3,1.461927382079423
4,1.9445563202230094
5,2.425754817030477
6,2.941456759096197
7,3.378138926804462
8,3.600326130460726
