numThreads,speedup
1,1.0
2,1.335200431652161
3,1.8104732869205566
4,2.41975121698472
5,2.9633682242770747
6,3.6011878026678774
7,4.147847510897761
8,4.643095004403851
