numThreads,speedup
1,1.0
2,1.33675817363691
3,1.7880361046838429
4,2.419002001382597
5,3.0429400777124997
6,3.609492167388986
7,4.162953583039328
8,4.6305020798596965
