numThreads,speedup
1,1.0
2,1.2163559757267925
3,1.5346175106355238
4,2.0494389180201584
5,2.544147082611841
6,3.0656023399979304
7,3.4924590795612334
8,3.8405491157655463
