numThreads,speedup
1,1.0
2,1.1669682293233277
3,1.4810395156722211
4,2.0083405893180384
5,2.463539238621688
6,2.9724155274119055
7,3.41333224699223
8,3.605525859995703
