numThreads,speedup
1,1.0
2,1.1541280762933874
3,1.4598720463943295
4,1.9331931971707015
5,2.3886648393088468
6,2.8916313148946045
7,3.221796306756557
8,3.5931876362105863
