numThreads,speedup
1,1.0
2,1.3138412634607464
3,1.754330405465395
4,2.3337264580937997
5,2.9391764075856393
6,3.458955976641431
7,4.015188938999286
8,4.4058249877656515
