numThreads,speedup
1,1.0
2,1.3175121738952746
3,1.7815392225599638
4,2.3757799954393835
5,2.9732310545884832
6,3.5184793751916406
7,3.9979641333170663
8,4.47130987883631
